8mxQPr9i5D6JjzAzpv2KpDZ56XEEciLzquN6fGyEVvpv,
BrGn2zm8tmEU8wjzvNr8Gv8Ne4cSwzxFdoCDBLq88kYB,
5GznD4LBDsmPLeN5sUejRPsNNR1KsEzQqbKWt8YCgCC1,
AN7b7qrWsRpbpBQMXWckm8tYDmg6vLMRNtVYXm9YVUca,
5sZMpHYB4MmfkRwYT1GTEmhm8QAupcJhPZsyYEKNPqNP,
5ZhLxfoaGf8u78LPbQaFBLggrDWFKM7APRFqrnzN1nq5,
VuP2XTU2Chym9eBCZX86t5aZL1GsiXzEi7DDqoubn7Z,
J5E1x6UCnhi8YiffRF8MdLfvEPYwFMhdDMqaHUieGhkG,
6vnAAVsprNDjvMQ33mqk71jVAnZyMyg4mws1t2bU7AR1,
42eFHZmnLZQSByn4LHFeF1Uhp2LMC9Cf9RzSTDbKFPQ3,
51LJKPKKv1DyNT3Gq2t8AnV1mX47b9a1x8hEEZgN4v1T,
7ztUjPt4GyDNWLsEfccT2kzi92JTFyYiHHzJ8yAjwB8o,
FCdzm7RoXKZLMpX1G59uXPLNFBSJAYKyX6Abc89KV7yt,
FroiGgdWgy3uN9voxq2FAL34ibuUYUfdHvoZwnocYyus,
Bj5dC2SeznnVPaiXyn5QTNuZfNBYEsZLmAjmgmPW6WKc