Chg4mphvxaf8ZEBN8aATapy28XaQfntoyYVpYhgeXuot,
BTYxqTJqm8G2dVqqqg7dNr47nMngSsVwnuSj1sjDxnuc,
7bZxGCsSMKcxNxy2SudtxMaEEN5pghVB14SHdwoWeXyQ,
9k8qJFsYoenHffvPgVoX5cVDxgd88diPUgxRKizKHxzL,
G5UTbhrVqBxh1DKzL5s9fA6PWVCpci4KRQDzBXgLGnje,
DFQv4RYp8ac86rdCcSEVZ5Q7E5bz5aXxEC5QnoYmbhVb,
89UNXPGiwd5BTC5LqgrrckdcKuGyztCifkN9Czd4aNbc,
BDW3zLs8X65mo3si1WuR68yJCLdsFEZ2QBnKzW8TsYsG,
6zP4gwRPYeMR9APhAoEPDktZLnR2GajTJPKWWzkzjg9W,
HjFq5Hd1STEXuFiaimSWAhsJzXocsYAuSnYHd6DsYhxy,
C8mndvjyjiTiNLFJnm1ujMrURpX7e3nGf3PKxbvJL9HX,
34RXP8UqvgbJcwjdwUKVKSaSYTSqgWnfma3e9Zk9dPDd,
67n8ibCEULKaMZxyGmjwx8kZoeEirhhXBK2vWX9xXw1Z,
ArECNibM8FpcWp4Qa1ARmT6cadpUTXk8bojL5WDg67bf,
2yvs9dYigYCbudHMYqveZY1haK3ta9jyZEn98sPufTDr