3E1C8bKiZVEfnL1VLSWyfK6suSfnwtamXUyApg6Zj1hd,
21JGJe5DXnGzEM4hhtURjUgDb5HSj37RXMKF2kxhkbLX,
DLY5XhgfSj9F4D7285o8oCbBZMq3kWLnGxtM28Z4FQHi,
5HdAdKvay5G6cALnNNjyjxXFUVf1aGdcdoY1pKB5o3Rx,
9LoeNBH6GXJQkDZ8CVbWjiqX1uExKZNoWwg1dHym4iaq,
6SfQpCv39RYBk86WVxM2y4GXvQkkzsSoGnXyZd1FXZks,
ShDy4rF8grW7juvRQq4VRcBgaypuMrcw8mAMPkYd47o,
wkQuihonTpJS3JTW1EAMgLntFoSwcstZpUWnerFe3Gs,
HbcK8VNhmjEuphDe7wZ8rt7JaTAAi9G8QAyCtGa7vVfa,
DNeKCoFb9f1PwXPfP8HWVf3z9aRDtyA2jmWURNg4ZGpG,
6Q9mqHiqHtZeXMLGMS8HkmfZ7ksMYJLePCgYsy957c5s,
BaHbgiYCVMR6kAmZmdNDrUDAB5teUAfcDWokhXFysSrm,
EDew4dwbRwdzpbzLS8GeVfMXK9XM1g5jEkxntJ3cdunY,
HXfYKyG4vuyDsTd3fFocfe9ASon8TAfySYk9Hm9CMdbJ,
7PktgEquKZU1XxuAihdYdaiJKXJRJWfQ3FZX6cacAPYG,
GJaxJYkXKUjsor4TncKX8stU2wkQLwy1arzRhXitUH3p,
RApN2gPxX71dc5EjddeJhyrrbQ4x6kp6W4ptL6Gy41d,
9eyyxDKfWuJkKSrPqzfiFo668usSZgAcaJ1eVJGdNqHs,
2ttrPVdxdDxvCm5mbq8ziFQe6hxUafcs3qsyvV1Lmy1n