8HXbN1S4av7pCNG6iQBTvkifg21cd7TbxmdtAQ4j68hA,
9sq3AChfvm2NCgwaQsEcJkubThDWqrGFmqqve13PJV6r,
9EJAVXG41pmAkkU6F2Qsi7mC96Bw6QyKL6y6Vq2hf4wQ,
BtFe4dMZ9UMQqCxjX2YbTupdeQm3Kxjk1JvfSLtggVvS,
6UU9xobFvfzwC7nDfxbXJx7S7k5Ck2ZDGit2rgVZKnuB,
H5gdfcXG5s8LzKJNdKyyLBPdFQNkX94X1DManRivtNUR,
98QnVd5MdhzPrTizQd5HzxTYLMs8GcoK9ryhTem8Z1go,
562xLHCaCreoUYziqJzCPvxjcFr3f3vdXRSZvEBgX5G5,
BAXxGn6j6gCSsnXh4obx5sUc2wddZ1kpXQ8So3yZvHHP,
DvTMQ6ZTN9KxURPs2iYhvbM7JtmNyK5n1qbJvvA4foJE,
3EHfdHdx1jtCcR12yd1TV442r9ZmedK46wSh3Qq6Gzsz,
ASee7hCeUhs9ZEyv5qow5SB9sso8RCSfnuhyAWuGVPpi,
7gWBgJ9LAywpjQnLaXziW6WEN95N2Rg8F515ocuJLgSw,
JBbunhoE97iisc2Njr7HRqUdTmD5Tz885H2wqAHQuLYu,
7LJg65qXTGeYSEKsKnD4diLmwH9Ry2hB2Y8kqPAbtHXH,
2DwqMLEbvvCyrAAQabrVqjMbyVHR61xknBkqXmSkM9Sj,
5m9ZwwsAZ3C4Hpinu7AP1deZRUJmnXbBh9tbZMUqpUhb,
A3xWZjcoSe4quRX8aSL4oGBPkmSh6u8Byq8ggUJAsC3s