AqAhJ13N7ZV6dE8oCM8QjbV2LWPbLBD8JhC5gGLWPKKz,
3pPrLTYf2WFaEK3y33Dscr7tJc19nrGZKdzSktsvnLZf,
ChqvL65spYiAphNptx6gkhtySpxkNJmKT7pFTzbLcq9k,
CYaE3EaLYp3nKRYLsVGzBaghXAc8zkmCpdji9s9gGdbD,
DSHbV733if9f7u5CX7DAkebD2Gj5fVRajz3fWUmYL7gG,
3pThaa44M41d439DSLPFPBLH6fDtnY69Rwo5sw16TmaW,
2Cu4YALpBjBmfsEUVEobDnYVnCYCzoYaQogCZASFxZEY,
BkoHxT2R5RfKhqeioYKt6ygEQLB3BbrT9KuDS4m3DKnn,
BZ4VcLYmSR7QZaCzHkfJ6dYrkw6noMzEgpuKapPx1FGn,
F8ouBvR931sH88wtAnjr96Y1vA6eNPTBcsDZ35EybTQc,
cHVez8hGktnX9sB52ZJGD6Vzy3bsdZ8byaNk6TzqeEb,
DUeWG4dNzfv4AuDSAWZ5aeFuhq2PrYgmSfXt1wV1b1Bw,
EnWcrQdM6wLjKtRfPVzE2FNqFF6aGBrJiAWJeWeygw1M,
FtfwQdbHki7rfqQSCFZqbDk3pDnD8ntc67xqViDWT7Zr,
2JYono55ib6a6bvTzBoEqnpSUnQaS4XYbWUXwfStNAtv,
AuzQzdsmQZ9nbj6qG2W5Ub6LaaSNbRcRs96FdR62mvbq,
DYHC9RKfmuUGzxGSPWGyEViEJ7yj4FzaerHsC2GBuaiC,
AJtCL11MH4DWgajtnkMRyWUbz6ucWUTaUJxJgwAf6xux,
6mwbW1XNufkfuzg5R8TNsZ1drE2kmPijdjLLaMcydFHJ,
BdLTRxw7V8q3ht8ZKszaWJLBQfRGgmcQx3qYTmQDyTzD,
AsaJQD4HeJ6nhW25BXkFYZk9wBYNBtGsAJsbQqsa7vTZ,
96HuQTstMqxdyWJg2z58jMMbmNvTS82DJSeU1GcT5cnu,
6mEtSN8hXWYkL16LqVk5JpVkMRqCabc5XkRe3w8VyFWJ,
9bFBDRvrBwquPg8rPqcC56hAnX7r5pFCfGsSTT5CUbMe,
AkqpaLqqscjyt2dSfqE7xJugP8vo3nDHDGfnwxD8SvGu,
HkA1ZxkkH4R67gA7VpsBm3udyihdnkJC66F4kp8NqF7j,
7vqmjh1wFMa8wkcLPhrJ5rbbgp6J82agQNTVG5mHAP2z,
Bo93DVLcsU74QKd45AHwSFRmJpV7dm4VFcTC1PAZNj85