3KhAWuMUJjAYEtU4A4na6ep3GRC1tdpZjiME1heNV7kQ,
BrWVHVVMd2ccixcP9RqBKkWFxKxgyGtpAZxGjxddk22u,
DWaRnkWjUVjNpnhsb2gE7ipoXpcaYrrLfwGKF3r3auqR,
2w2hWhvtwYu7vV2n3Yu1qEHaDdGWUYT6ynbhhM6535Bi,
3Y9masTLBM6aw3PXQqAJwuc3xUw3dGxVKfVwSeSdajUT,
FcbLihEADT9gGQSEwYdMJUZpMroRGbs1zhNkxp2TonYt,
2rNE7MGPQHmWoNQvzJbkhDHtAsBa5iBBiB9AdsrDpKUj,
3rMs1YMBWVy7x9ibrSqZ8FdbYwAchMzLcjodqC6hhcR8,
CwzBHKuGnngWHpcPmfU3TncEauQSjpVSPY9MwAiEzSTa,
6YvcyVPqFVuzDya2LhgcBvcNC3zESHswQjE8KcNUMFFS,
FXwnkBHqt5i5uPrqWbM3n9rxiWfttHWUe16aa9qb4pwA,
5YZY95n4e1iEBqR86iPSZkuupMrEK5RGyy34XPcr5RBf,
CQpbuJEbjBZARJCg1xRNChZx4ByQdaGwydNhCZbofgAY,
8UTnmwZX14gPpKS3Rqf8hxRpEG9if9PUFoNDj6QbaHRH,
9L2CE3p9s4pmJmxPisU7QJJe8j7tREdotxZwDJF2iQLA,
68PvuWtmjLR2KHenT4QL7GMJmF7FG3n8AanZAzzQ1Lr3,
3jrsTM93aoxWBeixziyApuigg2ZdewRFxkd3L4bXDdcx