DSHbV733if9f7u5CX7DAkebD2Gj5fVRajz3fWUmYL7gG,
DUeWG4dNzfv4AuDSAWZ5aeFuhq2PrYgmSfXt1wV1b1Bw,
AuzQzdsmQZ9nbj6qG2W5Ub6LaaSNbRcRs96FdR62mvbq,
DYHC9RKfmuUGzxGSPWGyEViEJ7yj4FzaerHsC2GBuaiC,
6mwbW1XNufkfuzg5R8TNsZ1drE2kmPijdjLLaMcydFHJ,
Bo93DVLcsU74QKd45AHwSFRmJpV7dm4VFcTC1PAZNj85,
AFeZmQW8hBoVDTc1dfb6J5k36VhsJurFvL86ZRyVUbez,
2cugdA4c1UShLBptS9zhgr8DSM1HWZAH6LcPFWSoa696,
4c24KcThPeKgFEeza2JgNBy5SoSfEcSJkX6YQaoBv9L3,
BQWm92cWLeK6tgwEXxuCJCWTCz97HzoqSXx7arkPsXtb,
FAYmPpe7Df69FaqWAgr8gEjsNr4a85RBcxeaVLZ82pwV,
Er7giFZwVUCgapRvyamc8RAvgXFsTDXbEzP3ooTaG9Vv,
J3fMZc1s3q9cZL4HLpZMTAaAcY8SPHkP687nzqEcEEzg,
8uByHUohdZBfFz2J7A8KDnmoe3Hjn6WCFLWwS8YsTCbU,
35EUXwoDeY5EevDtPKjHTjhZkA2w4kt4H8t7KTQiDi97,
3uBh527Vz6ZoKau55EyAoJtztCk5fRVB8xFyFu8vZv4N,
4hnpsiqm2WZtXSG7byuLNqepkt381WmMSxb8j5DoRkdh,
AQuuJFtAnBi84nih4YUpxd7v3qk9AcyEkunqWozym2VQ,
6JurUapX3zEnJqm3gvViVCmmAonqxVHnyH4APr8eqdBh,
7mx22sidVGLg1w6FHfhFyogPyjNYYpHVki1ontMzwu3i,
2PZtFN2YnUnNyCTFCSqNFGYyxByoJnEDf1dFnmAMPE1k