F8PgsGG9h9W4WS6KH8FP34jRxpPi8BuCLhgzSVbHMe3K,
95PaSZSMaJfuuC1Tdn3mqcyUAadRKddFv7eL9AoAiFAq,
GjDhX1oVWXLF3g1QGys15jPzysRmF3tXQN3J2RE5j7pL,
BdotZn3dZVgr2TzW7vXk1xRD7L5SHxdxY8siRoFYcEiq,
DdNikx3vcJ7msgiHpHDdfqFwGrSAcpu6oDhDa5DEJ29h,
9EDVd3ZEn4uhEdTxSdfmv2KdGKZ3zXMZorwMsZoe9R46,
CkWnCk2pzAApmg6E8Nh6mtMiKJCg2KBFURgAoKbAc3eq,
FJ2HCH8brSEJZGMQjMF4jYXtBDu1B6bsmJ7QpVchS5B1,
8cgHcaygHqGQ5tb7Z4FquUkKfg9Bjeb3neq6QMuqQFxU,
uyNhEaUzkU5SXehwz3XUSGYLnbWdgFnei8Rn8kkMdmg,
ANvT8gDpTq9tZWGz96KPVwYZzrxk5AH4GsmTruxhc8Cd,
AZLnfHQifs6KgkEtssUrWruynpPrCvENFHEE8a4nDoNq,
8ETf78E2Bgb7J9ehv7dx7qabLRo8VWn23oFKiJ3KFA6V,
DZ2oyNtgCeCJQpNkxUApSYjhKG8FdU2YsLKhq5EZfnDD,
B65PyTiRQbtHsaR9H3518xvZojqGZaW2BtBetaoDV2UZ,
hjEoQuEA41X5CdFf8BJCn4ovhDkK2HiGNVpcgMMjF7C,
5Z5JQPuFTrWyFauNTVZwvtRTowvPSL19SWSiGdWkLJzH,
s8VuZzzugsiDEMarpmjm4HA8D7b4rJeJ8vBkQBdvape,
5hvmqHDJpxdfeH9fnNovREbPrRLLnyueRX3wRpvQGgbR,
E3zAQ3BH1aH1yBbsJWmK2JkYHZUPntS6SgN7VY8Df9Vf,
7ArbgonwAchJbtASz6zj1rt6N2V9fnEUMPptKuU82giU,
37zXxM4PJfNazYKHJdRATBCqD2QbNBJgQrm4RCrFXf1E,
FemLCAKVozTcggrGGQVnpsVZLGQrQuyBQfdXGThMVyzK