3e1Qt3DmswrpiWJFccqS57Nqtx5uedQNqJ5Hw9LFpamD,
Br1oTzrwXRptienDmWRnxCQtuXdCzh6hzQttNNeGwcwc,
FTikYeiaghi9ds2NUFv499zZyKfHPbNs7rFn7u2TWxe9,
FsdvpMbvdEwyEDs2ZL143kT6mLuzo9eV4qrbPgwpf5Q3,
9iQ1NLYnZri9yykPhVoiW9uejtHtBFjVPUy8Nr27gbKZ,
ChN6YYrwHSGzqCsuG9G676D8wzhXkuQfknYBcgzTPcZN,
FYCFuaxAZSmqifXAwfhdVcf1MocUgvMbvuVrXTrhNPuT,
95TU5yU3Ls5CJgCWn5AWFXC22RaQCK7ykXWJBLpKs16G,
4FaooupArBRFcBTpZQpDWCUrPTGv6A9F1tbySppE8E7e,
BudzbYJ66yLTYNXbd2efFb75XL25TyxLuf1mAxBx2KgD,
EJV4HxRWGGBXFRr7HuQUmUKVhUKDAMpEb42Jtktzuc2N,
DgLNwGUdi9gVxPxLqC1gKkxgUemfMuZWhV8SXe6X1uoU,
EBycYwj7x9BhzD2wNgWe6c82gydG1uroKrGa9yL2kgXs,
5ALv2kaDrEAWaRxFyvfTyouTZ8gUWApKxtJG1n3SV2iH,
6MsjTmaPEo6RjMzBoVmENv5goEf1amoSTJw7c8UxErqW