GKj3YFr4PCungfApmB3NrN1xwkvGKziEQSq2qKL3NGwD,
4eWFy8C5kNXcCyZj4KbkDFoSpabdbBxy6pqjLdfccPga,
5Ykx6kUYgF8D7EePmVbwQChubfNqERTYRCXKHd7x3bgH,
9r8FTfYtLZ9kp56RwYk37rTkaCV2L3FKQaEeajsKw8GZ,
9wYAxA4aSMa4kpw56XuXwDsgX13rTsYadzANxW3XyuJb,
3FDdQkkNUggK2nHWyCD8e7ZNbjaBbYkRCKZT24xAEvbz,
DWzhgNuz6eexV1ouGm3JMWmrEpxQEa6kpDoAA1jDLbyW,
9MK1uUwkqVcVukE1cUzjPVSGcw75Kah419eFhCMEWGtS,
6cR9zzGSX4msKjdBdQfTn7zwvL746GMYHP6mepXMkN1F,
8TiCwzhLjehaTUWLY7xr9XV5dJn2MPckRbHeGzCzYvuB,
BdEUWQiWbMuAdgEZ81DsSbuuRGfqsLE65UC53Hr2CDex,
HQwLx6Kn333RWLsxqMFors3Yp6zRMb6Pb7oFp1v7qbDb,
FqB3fJQYQ9zCf5o4eq3tASfSR7XVRyvKfBteoqAu1hGQ,
2nU6qHNYJrhvzyFCeQM1aCDS2MUZKaoaZTbPri1TRxb2,
4No9ZQ9qhK3oCMMaMqQ3cJefcBtqohPgkwGXPmTqGHgc,
Eo4pJZnfwCH3ACdc6BYpnws6MdNgNv75Jnmp4mFAvUuC,
CVbzWPmpEszLjsXPb2yxv2JPeDGr8iAKn2SEKDZ91ENR,
9UDCjYnmuMtVufsbX9bahKJNkyg31Tnxkjg33wM5byyq,
HMG9NwMWYxJE3o2JhrAZUdYSVnBN8t4o6ezdZeM7zzxN,
FwZX8jJga6DYMSeKWoHNmpBsKUhtcFjBMGyq1JtMUxeU,
2Wm9mhEfTrousMG3jT2x17AtVVsGpQvSoM88PEHNNda4,
D7upPjN4BRs4EMVMNLGCPpiWQnpsrj7EUHAyYhXci8AH,
5M4LLFqS8u4rEZeDcGAmGyGa28bv36nDJHHrqMHp5YQJ