3Z696W7ybQjh66yMbFRG7JRz426ss32u82SznyqNjvqx,
4bKTWkeg9h9VYAcaNVBDM7FDvQgPQpvMWtA4VXmy93HK,
FUkv1GiUSso8uZJymtXoPtE4RuEQYw1odW4CP22VXRwZ,
5MCquxRmcZ7i2hPAwi3CHV1rWWm5chEX96hTzBFgygA6,
5mWS5QtDbHM8XvfwiPGtjkQBa5uNutaKDuNL87b6ntrT,
2TLZnvJ9tnBLj4eZuNNPdE7AnQgnYbsTGYfPSpcKjuGt,
8vixWUHU45D5dt41kug7po1ia7kgNYR5mfjoaBV6dmpZ,
3wGvZN9un69BeL4D6NKoER1mSRwYAyE92Mg4ZmKjMDQK,
649sFk5y4QQ6oQ5CvzyoEbG3sRxvrw7ywCEdrHe3PNRX,
9MjCJ7SRpeJRqoxAo3mvrA8UDVDzzxYuVyfdiaPyWdZy,
2dUtpwtCwmPUhxQBFjog2wUjdL3irhWRJhbWqcyCqBXK,
FXcUfkgqHw85ep3utjjN28MeaUc6RHnDZXaYVR7pgXsC,
5BHxYLXX6B8j9QtLBR6vmR3vziDWn2JgTfrfBv7GyNtv,
r11BCQQFxWs6He9CEvV6CTRnYPkhoiywaToui5vAFXu,
HeXpaXfEyN5vTQ6YsDEfWC1j2phi4s8SqZHEi5Pu7Ywy,
ANVUWTHTJheLryczV7fXFpEKrEqeioT6EMeJm6ZSaQHr,
HkC8CFb4W2r97KGf1cFiFveJVndVZo4LMa8yYiZ1E4dm,
5KX8wF9vmFiMJXR16VHzaYUnFGYkv8QfPMDAtvPe9fEe,
HyVLsBryuvHH9KuCNAhZvXURaZnYo4vR3XZq8jmwcT19,
DiVQsFh95U2gf4iMXE1t6JLU7G4rrT3y4UyG5apDTedU,
2vxi18MrBwb7UWGASC9pSqqRefdsqKhc2pk6Y2gCQq7F,
HDU2oy61xUCNzVTKQFW9NAXMeKygoVutuNSbpwpWEYsr,
3TQ4cRmVm9St7Sa9BS3AaTDt9iGXZqxSaMqayF9sAU6R,
8RuzUrwcyzgX5JabxirbPHCL5cbzHLhidmA5fyCy1kKT,
J9qudHCmYTZDAvYPfgRQeNCYjYUSqMjdXyB36hj36nUR,
35jMfzhKDWb9bdM8LssbmsNkqjkr8vEMwLg2s2Jy28rr,
HStDa1H6vqNn9JEz7f7pr9DdTLsMXxGjF4nLmZhSsN73,
FnwLNGMUBJT4LvYxQ7crHyBkDHrpZ6J1TTgZSy9WGJSR,
Gw5YwXaEpKj13X7o5dBmfuQmTCKZhecEi2NngJUuqQdv,
GCBDNozVV3UGUR1SLaVFBsNAREUPu495hwFxBsm5qcL,
GmH2urUa8hyFsM9zEH2eXA8vJQJX14LZQCco65azTDer,
ELH9zjxySXnNb5cQ1cvtLUGPNyeAFTikqqKGqMM9njDH,
6XfhNkjCUridewh6kzWLb1KL6HFcx6fxAUAC2Z9hfRZi,
3NSK116VPWp3XNq19rSpvBZiqdQvfDHGvGu1zNcwccqV,
DMeZNgwaNnpCDuEUKRKrkYCYHUHNKPSaYYhaZ3uN2YbD,
DKqmxxd4hJMxK6s7mrx4wKgJr6xH8Kmk7h8S4bUtWu2B,
3usEgNyziWq66JrLfoNm1d3yfmS11wvWt81VRH2q4QMn,
HDTq55NQum9o4aEF5iZGAZMbLV1sTQWwWniM7h7HaKd1,
4WjMTpzGZiWV3EjMXbGpcjekBS9tEofgXj3ePMjDMAeV,
BCqNSk6g4UYrFkbpkAtRfDysQ1jAV1kJfXCv29g7Q735,
FhB1cKjyDTfJWRVLgXmAnuEmLbwMuqYgJmTAnGRJtfj6,
4rpMQcNUGcN4qkarZ93HuaQ3B3GT4FqvZkve63i93TSw,
3c6dCqjKE58wAEu4ugTFw4FGHWqhkm4YvCuM8YYDmxWo,
Axsn4Pu2erNrycYYY4sP7d7iGrzyrjdUDuvS8Xk9FZwC,
SpNpvuU2cbaN5UmuLLpfcDyRkRwJEWrpk1trcuptrfR,
5AcCm85zPGkLv8o2UkjHASSSSRfYnuB9ekeDEYt63UiG,
5dL1mHY7Zc4yAmEoF6U8Mk4go5k9cc933i7Sk38iBWu,
5bfRiXtoxFAsbGEcZbGqrYCydShQxNuaEZtd5vHdEmZM,
9sfuBQjHXhurGupMY4RN9JGe9sBaRgWQH1DGRASysNJy,
GsN3TnGX5D4Zcs2JTjjFCnQs9JnLDuLEAHu9BVW4vQra,
HGyMQJPjCmu57hr1x2WAUDyJeqZFrLA4z6MjYXfE4fKj,
A8oE13CxfGqqGdYSbTwSCebazg9PC4DebAHEePHXcTGi,
FWQEj1B3gHxCucfJgWNjyKjVpLigvfZtDHDgRfeFRYZM,
52pHmykoTHFBXNt3dVGJGRQ797EmZdK5kcDEHtGSf27G,
AieHuruWGXLwHAx1XucsHC8UFhSP7oHghaSEvL8tmgL5,
5rsCGenDZnTEk6HYDZPxbVd28sqPT19Kq5j3Egn2pD3x,
4aSxnWuc84U1bHUkmLYA2PXP3LPY7CHJLTu8NEPr5G85,
3KigMkViTkZcGefVUrDa4Pm4gB4kGBXbsJpiFhB8LMVw,
Fq5HpXxspqgWBi9sT3XCissK2gZ5Bokpm1x348T47ENJ,
73wZH2Gn9Wwdq3PSVds8DCDqLxNMGkvEynswSrszHWH6,
TtoK2zVKyZiaUkcpsctmrPpy4tLYbHzB1ogcDUFdipq,
EKM8girHUxThg4enyxo4NYLKW8s3BqhPffcGrtPGFCuf,
EukSr1y5q5KwhANjoAHKZ4GpwkQ6wZAafZxMWHq5SL1L,
EheRTgKGu485Ezk3xdHzSNEYkDtdnxizrT6USMp1H6Rn,
AhXoz8ZmKqg9neyW7WL3T7s8vqf725BEDqXppxfX8XAi,
AyQkUdUuDeQm9iXeAXARRBC5VEAzRqXZeg2Zgd7hQdLw,
ETYkr9pdtPArsCt3dEqF6fNj4syWX1MntebET96Y5fxK,
Hj6eBQTLLYmFZWYAKET3kzuJBb8qeSVirnyQxqZBEbpp,
HZQtU6rXU1ewV9zGn4eBV7azKPpdC4kvYAbF3d1HWmzD,
8M5n7Mpu2ZRBmarcw3XcJTe7kr1mxSnz2hyFSBVLn9oK,
4hwJ3AuSV8PyzDNWtTB8phmvv87Z1Mv5JsNat1JPamYU,
28g41F4ZUBAqRC56QSaQLbFDtUYK3MGCYzGBqvLUzpvF,
2xtuoTGTnrRRhvCa6TXk4x6oSDrLTWkerffvZsfhMWZQ,
Ey9QTQqcNJZJKDSQfaZZQEJoq5eJBGhY2Qk4Tp3kWbAT,
2yLiidgvC4FFCiRfQsPXDLKcm2NG7QCxDDnTEhf7GENd,
8NmDwh3yDSwL2p7roACN4mS2Fwh6EXja5ZGgat6wnEq,
8FxLjArQoF2YwzW2unt8mYUoZ4j5asm6AjUda9earnti,
BupekuLn3sVBqpjyB7sPuQRYZ5KB7N9vQnMiw2ppjEuW,
4uBb1aoyDwUQtz3T2JuVACsfoeL9Q9E9opvzBvjDheXb,
4J8JoR8RgMJ6sa2B1iF4uGsEn896uSKV3fqeg6uBddYC,
8BFLBU3ZUUSVegdbS5huUWLMpqS72QCDXCEDZK5KgpRk,
5ke4iHe6MUkNLAHZen9FZoUu96untvcKBZtzrMgDKwDK,
C7yv5UXKJCkvJ1L91xjfaEY4tNS7dUrKoZPA3djrcFpj,
HrGZ8Yp6hwb6GX7qv2ZpXPtqUQ7Sck3ZwtQYHtTRA2Do,
9GiUQPKkYYPN783WVFccivd46UkEh9dP3hVBVsQCMzxu,
55xbcLvCLtKSVnZrdDgSwP722SgmaGnAGgU1itXahv9y,
4q4Ls74nmS7sw7rTgMTAdyeQCZB6Dtx6Ufr4bTu3FCLy,
HcP97zL2CG9cXDeoAHN6xSxyMDJcmGhCepw21W4BFSQP,
EkX5DBRv3N7oBhu6QPUPcAi4U9qMDxLisdUtWs9epTwb,
EPtArhdJeJTaARbnB4UVZg8vs3wT9moutraGxAJMQRUu,
7MuytbbvJrbyKmTXgy9EeoD4bWwbrcrLqNyJFoVYz5V9,
BF3mpB9nNBc8zFVSMhLojqH6EjsPtjXQW4wBt2WgnkFA,
2FaoisCPwXm15x6YXmjZMjbZe94nfJcqkD9LwEUzgGYJ,
7AKLxk8M3TU9QZbNuwrf14imeL8c9LjzKUYrqVzgr6fs,
B4qcE6UPoyfPrdLzod5ipc5gDFkMVUTfdVVPomQUiGXk,
hTddWsRrhg8beo7eQJBgNjqFwc9c9Com1GGzU2hqHQy,
GorBAdVcEicJyuyFsmKiKhrQKFCAwHwER5FEb2AiV2on,
FpgvLKhS1E1FrSSkzNKUKjb8cw5ZkfxHSyDjQUjktVVs,
B49rrbaaSVxrfDLuuH6Qo7j4e1CxktfH75ACTEcQneMx,
9kGCCUCnKqqRtBxZY7zherLkFc5gshZmtABReeyAarLF,
3tiGvEd2Du12i8cmR49aibtAvZe9T7ZyNvM2nTgBmQsy,
BGYeHfpH9qpwAExT8N1GPTZDbX4TFdTzs5HgmhvPzkZ4,
B2HzTKsnn2fmepmPJyL8xeQGwsqfQVNkWUdFG9gwbbuu,
41vkYDnVxm95nHHFm9cdZzqdBcq6exPUHkTjsrNzAuW1,
3nSxpxXqLRuTPkzXSG78xXS1HYPdH2agwBFPCNQug1U9,
Aw8NeVZqQFGadzp1B3JBty3pvEZhyhiDEvWaWNLgaVs1,
GGCKp9x8eQPWAYXCPpo1pVvz2gp4UuyVF2HK7ujQhwid,
ELBd1CfMLYzUUXwB8hsaY195Z28qsieaVRCxDz1oSJM4,
DofAjBGrTNRwf8X26ucVE8vYpFNEHvUg8BZnH6bNCrMj,
2tutvExHiBK2xJdzePUbTuyEawWWwH6a32UEgFYxtp1X,
GvgFMeC9foXYNedVLYHESDNaAZGnYvNibMNm8B9WgFSX,
HZ5Nckqjbdz9savUFPiYcSyHEaVA451cWMwGTu3eGuBz,
DJCqTzEVaQtzyeGLb8ndqebdmB1uncpEkMDoeQBKmcpi,
47JagaLb4PoC8G8maQLnJFStrZ7vYsdVzc3XZt2oNQN7,
9hFRZacEHk95WBtszQN3JnTkSQLCx3BSqBcjusMope7t,
DWmcxikiUHqUweG6e4FvrJK29vmh68s1WzSXh62YsuWw,
ASeHdgGxUvvYb5J8kHuDnq93QxB98qWLwmF686f4rAco,
Akr8C5KeNQkweaG5MTN47t5eRyNu5VhurR9cmTnC78KJ,
DeymZdUobBrPtukQ9AvmWHziMpZG97FqaKueYk7fx11R,
4yh9yTpugVRG9s7icdJVcTeUr4bzBxCxZQ34ZUGLaVtM,
XFi1fjHXhuJ8TpbWDwDvnTtgXcVxqM3ApW9qMBC4qb4,
6vtoeGVu6Sq6emCerfY47MzukM2tJs5EzcP6yCZ6nRJj,
DarsuhWDjfnWXjNtkTHKbpH1HQRSLamXXYD3afUyXpaj,
H7z5DoyYFdZhXgn3xJ3yAcZ5LLdUW4QAHew6unNEvFK8,
63hmYFgLYQZnSaaUfV1Rkw63pgjSAwLg1js4XTcbCtKn,
D3dhxeFidU2KWHEqFAsrbkAGzQGoCw4JXX5H8dyGGmfj,
3bBYceQz1orW9Ccwazg42aBx7n7xC2D4mYx6X31RQWjc,
i5awGMxNTqFXruvUhpeyFzTLR7hqRWxJjxNEDL2bAAu,
C8EfgAcrNNgt4KFQmzNTCcTNHxEBPH4wRhD11x9apFjE,
6aGMow4ByX8vifMESwtwWraVqrsEVCjq5TzHMYGaBTM2,
A9cDUV6ekEWLLye1j2G79UGNnDrhr8HPvgeLewhiqavH,
ERob9J3sjPkQCo2mPKe5X8aV8ZNcb3hzaBnrm5Y22pAU,
6LB52B1ao8bRGJ5qH7QydAX6zKVAigQTftmUfJTuY2rg,
9uazgHHkQK58iqKfmFXRq6ypAQF1Kam5256L5Ahah1sN,
3FZ8oYCLfiwXnPEeU946ZxME8HxcXMPXEsWhF8gBfqAj,
5EBAgduAyqxVA7PEshDNg5kgSJ6TBjmMS2k2FjUQNuTG,
2832FSX91kPAuSW1XWjG53S8jYQKkFTsfjVQ6BFUmnZe,
B9L9dFEhgPUtMT9duktcPn87pYGSMVe7tSsYp6KFPAj9,
4jEHxH34rgoUocVg798vzoX7sW1gbpgqkFVyRmob4q8d,
Ar7JBBSPFyQfTnB2N1Y3uxQBJKoJUkdEiMhWTdRcqkus,
9Rsdbr8t24ESEaSXPmApPWHMjztZjZiAa2T6DbUvevAU,
5Qwc4YhZzWKV436Ybj6ZmzLP5pUSm2c1BXGUDNT7ydhD,
4oCSr6GnWLpPX7xG2m6wRvnhQGDx4d74BRyc3qp7Y5y6,
EVF2DjviceafUpSw9ftoxV5ULpDzPzQoEnXQf8WkTCx6,
FbXT2bdTP8MBYGPm3EGe6D8FQFYD6aCmBTJ9ntpsxbFU,
FkYzKkR2QJaofS67Cw4atKZ7zdE92DFo8XVXtN3BJ4VU,
CcQgFRpn4y69VC3Vfys1GUwJXEMQ5TeQ7QWtjo7wrdKg,
G7Qy43GGPhXVNxQAt4fXPUTLHFpALRLcGwbKkr6Me6yx,
AtiXespUMebVZvhvsVeYFJ7xrzYNcHcrB6M6vtVAQTN2,
2NcQjrSnSF7RqR9jeef8wvuK1aV3n83vQy1jJ85HxDWS,
GtZDic6sNYTi6HLy5Z6KVqM6nrNs6uNkgjxwRzmQQvyK,
9jf7HFMAgFNqejmCKY8892xK6U75xeVSgDrogRh8ugec,
AX1wGosxQDCjfHTWL2gGXj36zCosdURozjU7Xmbub4ad,
7Pa7JXjp8mQj9Kwx2QHLESgtUYgK3zrUmTGjrtj7mo8A,
9DgEu5eUFox2wovNXThcjzTEpCCsQ9JA7yYuWu132wJs,
HJRQjAQqRbY6amCG38ZNa1xeWhDC95dPS2dYxBBSpDKP,
CG6xq1mpvj2H5VFuJPgmGZf6cYKhC4Dng6PfwXpednh1,
5jETGn2SXLwmKPmyP1syDL1sYJCQQMuFkqJ4sze2LUyN,
41hTs5LUSFZee2XBVwaYxjzV9691NtAupDrxU6mhpjW9,
45DR4KD4wQdJytjq3DrtGWJX9SJsHdGEj835sUduFwnD,
EvVXWxLEzYVRT6oCRLZJ3knaqzdaCBwCEqwukMDKFU2Z,
E4Q4V2CuSaoscfxhYpwchhyp5FHa2wdMj2B9SFtAEA6q,
71SQBxhXMWkYt62Lmt4F2V6kie4YhxKXNA8XbUcD3pDq,
41umq1sLBvKva5wiAgABPNyqFQ5kqxDRxmwvtHzySG9e,
GrVFfkPUHbDteBemnbGbNLrkHQ2xgxGJmwjfiA912PDm